,seqid,seq,gp_k562,gr_k562,tr_hek293,tr_hepg2,tr_k562,tr_mcf7
0,3128,AGCACTCTGATTGTGCCTTCATGGTAGACAATGAGGCCATCTATGACATCTGTCGTAGAAACCTCGATATTGAGCGTCCAACCTATACTAACCTGAATAGGTTAATGTCAACATCACGTGCATAAGCTACGTCAACATCACGTGCATAAGCTACCCTGAATG,-0.477051258156,1.71167543534,0.625604485219,0.323575947769,0.576694884738,-0.385121921375
1,1839,GGCGTGACGCTCCCGGACGCGAGTGGGTGTGGAATTGCTTTCCTCGGGCCACCGTGGGGGTCGATCGATTCAGACGCACTTTACAGGCCGAGGGTCCCCGGGCACCCAGGTCGGTCAAGTCTCGGCCCTCTCAGGCCCGCGTCTCTGCCTGGAGGAGACTGT,-0.7610033380419999,-0.473501445008,1.63947774926,0.570315724757,0.559232225628,0.7629608026989999
2,1327,AGCAGCATCATGCTTAGACTTTTCAAAGAGACAAACTCCATTTTCTTATGAATGGAAAGTGAAAACCCCTGTTCCGCTTAAATTGGGTTCCTTCCTGTCCTGAGAAACATAGAGACCCCCAAAAGGGAAGTCAAGTTTTCACTCCAGCTAACACAGACCCCG,-0.231941460443,1.0696442455600002,1.39407788064,0.891186512861,1.37518798667,1.28950661719
3,11334,CCTTCCCAAACACCTCCTTCCCAAACACCTCCTTCCCAACACCTCCTTCGACCGGATCAAAATTTGTTTCAATCCGTGCAATATTGGGTTGGGGCGAATTTTGATCTTTAATTCACCTCCTTCCCAACACCTCCTTCCCAAACCCCTCTTTCCCAAACACCT,0.0153867867433999,1.41610418697,0.354430734575,1.66632514244,1.40874625226,1.36864459379
4,12017,ATGTCACAGGCGGGACTTTCTTCAGAGAGTGGTGCAGCGCCAGACATTGCGACTATAAGGCACCAAACAGCCCAGGACTGCCGAGACTCTGGCCGCCCGAAGGAGCCTGCTTTGGTACTATGGAACTTTTCTTAGGGGACACGTCCTCCTTTCACAGCTTCT,-0.517852170761,-0.0302256545170999,1.7501711329700005,0.806565053414,0.534336427651,0.728650325954
5,3833,AGCACTCTGATTGTGCCTTCATGGTAGACAATGAGGCCATCTATGACATCTGTCGTAGAAACCTCGATATTGAGCGTCCAACCTATACTAACCTGAATAGGTTAATAGGTCAAATTGTGTCCTCCATCACTTGATTCAAACTAACGCACTTTACCCTGAATG,-0.3492103580219999,-1.31188079537,0.8860804082860001,0.637429920615,0.651104857512,0.8656989082879999
6,7722,AGCACTCTGATTGTGCCTTCATGGTAGACAATGAAATTTGTTTCAATCCGTGCAATAGTTATGATTATGTCCGGTTATGTACTTATGATTATGTCCGGTTATGTATTTATGATTATGTCCGGTTATGTACAATTTGTTTCAATCCGTGCAATACCCTGAATG,-1.2377450023299998,-1.31103455867,0.967181374802,0.356455778016,0.0,0.483285800251
7,4083,AGCACTCTGATTGTGCCTTCATGGTAGACAATGAGGCCATCTATGACATCTGTCGTAGAAACCTCGATATTGAGCGTCCAACCTATACTAACCTGAATAGGTTAATTTGTGTTTCAGGAACATTTGCTACTTGTGTTTCAGGAACATTTGCTACCCTGAATG,-0.4998650973749999,-0.220724527048,0.277295098959,0.374463757966,0.523146493119,0.3540522979429999
8,11036,GGAGGTAGCTGCAGGCTCAGAAGAGACTGAGCTTGCACAGATCAGACCGAGAAGCAGGGTGAGAGATTCTAACGACTGGGTCGCTAGAGTAACACATTGTTTGTATTGCTTTACCATTTTTAACTGTTAGATTTGAGATGAACATACATTTTGCTTTTTTAA,0.154222238208,0.8688306615260001,1.45545176772,1.10535300015,0.584962500721,0.818553128662
9,5459,CCTTCCCAAACACCTCCTTCCCAAACACCTCCTTCCCAACACCTCCTTCCCCAACACCTCCTTCCCAAACACCTCTTTCCCAAACACCTCCTTCCCAGACACCTCCGCCTGGTTATTAATTATAAGCTACAATTTGTTTCAATCCGTGCAATACAAACACCT,-0.249586382321,-0.057333175066,0.613488198902,1.5760706695500002,1.23562824849,0.81964934948
10,11845,CCTTCCCAAACACCTCCTTCCCAAACACCTCCTTCCCAACACCTCCTTCCCCAACGGTAAGCTACCTGCACTAACGCACTTTATATAGCTGCGAGAGACTGGTTATGTAAGGTGTGTTAGTGCGGGTAGGCGTCATCCCAAACCCCTCTTTCCCAAACACCT,-0.0700037946028,0.989082446064,0.820450579669,1.34572909001,1.12297064177,1.02900681328
11,11138,CCTTCCCAAACACCTCCTTCCCAAACACCTCCTTCCCAACACCTCCTTCCCCAAGTGTAAGATGCCCTTTCATCATTGCACTGAATTTATACAGTGCAATGATGGGGGGGCGTCGGTCCCTTCCCAACACCTCCTTCCCAAACCCCTCTTTCCCAAACACCT,0.141548669011,1.51556703068,0.7507713936910001,0.8882749174410001,1.43398660208,1.26678654069
12,9202,AGCACTCTGATTGTGCCTTCATGGTAGACAATGAGGCCATCTATGACATCTGTCGCTTTGCTTGCTCATATGCATGTAGTCACTTTATAAGTCATTGTATGTTATTAGGTCAAATTGTGTCCTCCATCACTGCTTCCCTGAGATTTGATGGAGCCCTGAATG,-0.422974592901,0.4430859169309999,-0.389516978598,-0.267526454219,0.279961341083,0.3043798936769999
13,1740,CCTACCTGTCTACCTGGAGTGAACAGTCCCTGACTGCCTGTAGGCTGCGTGGATGCGCAATAAGAACCACTCCTCGCACTTTAGGGTCCCTTCTCTCACCAAATTCAAACTCCATTCCCACCTACCTAGAAAATCACAGCCTCCTTATAATGCCTCCTCCTC,-1.30629509175,-0.13786461879,2.1396746227900003,1.4323154907100002,0.982512573271,1.4641643567500002
14,7386,AGCACTCTGATTGTGCCTTCATGGTAGACAATGATCAAGTTTTCACTCCAGCTAACAGGCCTGGTTATTAATTATAAGCTACTCAAGTTTTCACTCCAGCTAACATTCAAGTTTTCACTCCAGCTAACACGCCTGGTTATTAATTATAAGCTACCCTGAATG,-0.240168213467,0.748485821114,1.36747656823,0.3701116283969999,1.22044677702,0.354228586791
15,10675,GAGGGTGACCTGGCTGCTGGTTTACCACTGTACCAACATCTCTGGAGCATTTTAGTTTCAGAACCTTAACACTCCCCAACGTCGTGTTTGATGTAGCTTGTATCTCTGAGAATTTATTGTATTAAAATTAATACTGAGATATTTTTAAAACATGTTTATTTA,-0.1673814294459999,1.41622084456,1.3251908819,0.590396386772,0.267564064314,0.838894699448
16,5235,CCTTCCCAAACACCTCCTTCCCAAACACCTCCTTCCCAACACCTCCTTCCCCAACACCTCCTTCCCAAACACCTCTTTCCCAAACACCTCCTTCCCAGACACCTCCTTGTCAACATCAGTGCATAAGATACGTCAACATCAGTGCATAAGATACAAACACCT,0.105972468878,0.907939447011,1.2459102280399998,2.04864359236,1.76290380509,1.63103214942
17,7649,AGCACTCTGATTGTGCCTTCATGGTAGACAATGATTATGATTATGTCCGGTTATGTAGGAGAGGAATTCGAACGCACTTTACGAGAGGAATTCGAACGCACTTTATGAGAGGAATTCGAACGCACTTTACGAGAGGAATTCGAACGCACTTTACCCTGAATG,-3.1765671761900003,-2.22607827976,-0.427681708531,-0.997484402081,-2.05386687198,-0.55136653145
18,4772,CCTTCCCAAACACCTCCTTCCCAAACACCTCCTTCCCAACACCTCCTTCCCCAACACCTCCTTCCCAAACACCTCTTTCCCAAACACCTCCTTCCCAGACACCTTAAGAACCACTCCCTCGCACTTTAATAAGAACCACTCCCTCGCACTTTACAAACACCT,-1.51718101002,-0.8640304424140001,0.575996063898,1.49268712743,0.171711620916,1.1835662072600002
19,2477,CCTTCCCAAACACCTCCTTCCCAAACACCTCCTTCCCAACACCTCCTTCCCCAACACCTCCTTCCCAAACACCTCTTTCCCAAACACCTCCTTCCCAGACACCTCCTTGTCAACATCAGTGCATAAGCTACGTCAACATCAGTGCATAAGCTACAAACACCT,-1.6086274459099998,-0.383876567792,1.14718607715,-0.0881309102787,0.254101281064,-0.194172547689
20,9174,AGCACTCTGATTGTGCCTTCATGGTAGACAATGAGGCCATCTATGACATCTGTCGTAGAAACCTCTCGCATGACTGTTACAGCTTTCTGTGCAGAGATAGGTTAATAGGTCAAATTGTGTCCTCCATCACTGCTTCCCTGAGATTTGATGGAGCCCTGAATG,-0.182271331364,1.34288771352,0.819830967061,0.8802316735299999,1.24808668982,0.763932641766
21,3794,AGCACTCTGATTGTGCCTTCATGGTAGACAATGAGGCCATCTATGACATCTGTCGTAGAAACCTCGATATTGAGCGTCCAACCTATACTAACCTGAATAGGTTAATAGGTCAAATTGTGTCCTCCATCACTAAGTACATCAGTGCATAAGCTACCCTGAATG,-0.278711188672,1.31784402977,0.691432977433,0.583405355356,0.691432977433,0.526198497949
22,993,GGTTGCTAGTCAGGCCAGGCAAATGGTGCAGGCAATGAGAGCCATTGGGACTCCTCCTAGCTCCAGTGCTGGTCTAAAAGATGATCTTCTTGAAAATTTGCAGGCCTATCAGAAACGAATGGGGGTGCAGTCAGTTTTGCATGGATTTGCACATTGTTGTTG,-0.707780215156,-3.32478426509,-0.0557333481602,-0.880556447795,-1.97292046594,-0.208789119537
23,9022,AGCACTCTGATTGTGCCTTCATGGTAGACAATGAGGCCATCTATGACATCTGTCGAATATGCTTTCCGCAGTCCTAACTATGCTGCGTTTTATAATAGCTTTTTCCCGGTCAAATTGTGTCCTCCATCACTGCTTCCCTGAGATTTGATGGAGCCCTGAATG,-0.304213735621,1.3313632178,0.642349982879,1.11740595439,1.18930891163,0.9160611815
24,9935,CCTTCCCAAACACCTCCTTCCCAAACACCTCCTTCCCAACACCTCCTTCCCCAACTGGTACTTTTAGTTTCCTGATTTAGCACTTTAAATGGCATTAACTTATTGAATCCCAACACCTCCTTCCCAACACCTCCTTCCCAAACCCCTCTTTCCCAAACACCT,-1.2083426563,-0.952521289833,-0.179957155016,0.82178417898,-0.273531270328,0.744941389743
25,11555,AGCACTCTGATTGTGCCTTCATGGTAGACAATGAGGCCATCTATGACATCTGTCGTAGAAATCATAGCCCTGTTTATGCTGCACTTACTAATGTGGCATCTCCTTTAGGTCAAATTGTGTCCTCCATCACTGCTTCCCTGAGATTTGATGGAGCCCTGAATG,-0.1381517630939999,1.37703055927,0.666972724175,0.761762053116,1.4215044358000002,0.875854859105
26,3043,AGCACTCTGATTGTGCCTTCATGGTAGACAATGAGGCCATCTATGACATCTGTCGTAGAAACCTCGATATTGAGCGTCCAACCTATACTAACCTGAATAGGTTAATAGGTCTACCTGCATAACGCACTTTAGCTACCTGCATAACGCACTTTACCCTGAATG,-2.79401772976,-1.32858413918,-0.754588962061,-0.820552224439,-0.943783990433,0.1103234149059999
27,11270,AGCACTCTGATTGTGCCTTCATGGTAGACAATGAGGCCATCTATGACATTGCCCGCGAGACTTGGGGTATTTGTTAACTGACAGTGACAAATGCTCCGAGTCTCGCTCCTAGAATTGTGTCCTCCATCACTGCTTCCCTGAGATTTGATGGAGCCCTGAATG,-0.215016894691,1.30476307654,1.28263896377,1.4548568173899998,1.56083660337,1.47737232304
28,2366,AGCACTCTGATTGTGCCTTCATGGTAGACAATGAGGCCATTCAAGTTTTCACTCCAGCTAACATCGATATTGAGCGTCCAACCTATACTAACCTGAATAGGTTAATAGGTCAAATTGTGTCCTCCATCACTGCTTCCCTGAGATTTGATGGAGCCCTGAATG,0.6281607641070001,1.00973388298,0.477543228094,0.672656561628,1.24854807193,0.855403178504
29,3405,CCTTCCCAAACACCTCCTTCCCAAACACCTCCTTCCCAACACCTCCTTCCCCAACACCTCCTTCCCAAACACCTCTTTCCCAAACACCTCCTTCCCAGACACCTCCTTGGGGTATTTGTTAACTGGACACTTGGGGTATTTGTTAACTGGACACAAACACCT,0.0172437420396,0.878693703778,0.848882267148,1.82658360004,1.39497187622,1.41901735019
30,1626,AGCACTCTGATTGTGCCTTCATGGTAGACAATGAGGCCATCTATGACATCTGTCGTAGAACTACATGAGAAGAAGCAGCTTTATATACTAACCTGAATAGGTTAATAGGTCAAATTGTGTCCTCCATCACTGCTTCCCTGAGATTTGATGGAGCCCTGAATG,-1.6097178747799998,0.761460156087,0.7930706960510001,0.580810857451,1.13354085095,0.920096134408
31,9784,CCTTCCCAAACACCTCCTTCCCAAACACCTCCTTCCCAACACCTCCTTCCCCAACACCTCCTTCCCAAACCTGACTTACTTGCACTGTGATCTCCCAGACACCTCCTTCCCAACACCTCCTTCCCAACACCTCCTTCCCAAACCCCTCTTTCCCAAACACCT,0.104781529572,0.6890449635410001,0.618909832644,2.08372770637,1.36411059746,1.3532922658000002
32,12155,CTTGCTTCAAGGTGTTTTTAAATAGCAGTGATTCAGAATTTTTTTTAATGAAAGTATAATTGCACTAACCTTCTTCCTGCTGCTCTGATTCTGCATTTGTGGTACTTGTGACTACGTTTTTTCAAATATAGATAGATTTAAGCTGCTAATTTTTTTTTTTTT,0.0122982861017,2.50777761132,2.52953402531,1.71797911473,0.432770585204,1.4645204953100002
33,1720,CCTACCTGTCTACCTGGAGTGAACAGTCCCTGACTGCCTGTAGGCTGCGTGGATGCGCAACGATGCCCTTTCAGTTTGCACTAGGGTCCCTTCTCTCACCAAATTCAAACTCCATTCCCACCTACCTAGAAAATCACAGCCTCCTTATAATGCCTCCTCCTC,-0.429020359192,0.86334348729,2.27988496568,1.33350394138,1.42291163214,1.49818378779
34,2876,AGCACTCTGATTGTGCCTTCATGGTAGACAATGAGGCCATCTATGACATCTGTCGTAGAAACCTCGATATTGAGCGTCCAACCTATACTAACCTGAATAGGTTAATAGTCATAGCCCTCTTTATGCTGCATTCATAGCCCTCTTTATGCTGCACCCTGAATG,-0.6911544691879999,0.0465125726218,0.317549654377,-0.149576356051,0.277533975529,0.447458976971
35,8300,AGCACTCTGATTGTGCCTTCATGGTAGACAATGAGTTGTCTAAGAAATTGAATACTTTGAATGTGTTTCACAGTTTGAAATAAGCTATTTGATGTAATACTTCTTGTGTGTATGCACATGAACTTAGCACTGCTTCCCTGAGATTTGATGGAGCCCTGAATG,-0.601373037026,1.14571336144,0.675443246552,0.400962314067,0.551904212142,-0.00702042767777
36,9431,CCTTCCCAAACACCTCCTTCCCAAACACCTCCTTCCCAACACCTCCTTCCCCAACACCTCCTTCCAAATGTGAGAACTTCTGCACTACAAAATTCCCGACACCTCCTTCCCAACACCTCCTTCCCAACACCTCCTTCCCAAACCCCTCTTTCCCAAACACCT,0.0707391918518,0.5012541856889999,0.7123875714460001,1.7919548287599998,1.42172369008,1.23762986058
37,9741,CCTTCCCAAACACCTCCTTCCCAAACACCTCCTTCCCAACACCTCCTTCCCCAACACCTCCTTCCCAAACACCTCGCCATTGCACTGCTCCTTCCCAGACACCTCCTTCCCAACACCTCCTTCCCAACACCTCCTTCCCAAACCCCTCTTTCCCAAACACCT,-0.547255244016,0.7407406378579999,0.652486494918,1.6452981639500002,1.50303064564,1.16992500144
38,2144,AGCACTCTGATTGTGCCTTCATGGTAGACAATGAGGCCATCTATGACATCTGTCGTAGAAACCTCGATATTGAGCGTCCAACCTATACTAACCTGAATAGGTCAACATCAGTCTGATAAGCTACCATCACTGCTTCCCTGAGATTTGATGGAGCCCTGAATG,-1.36834022643,-0.847482209781,0.4217633624669999,-1.28203536776,-0.545069773598,-2.32642948712
39,3547,CCTTCCCAAACACCTCCTTCCCAAACACCTCCTTCCCAACACCTCCTTCCCCAACACCTCCTTCCCAAACACCTCTTTCCCAAACACCTCCTTCCCAGACACCTCCTTGATCGCCTTTCAGTTTGCACTACGATCGCCTTTCAGTTTGCACTACAAACACCT,-0.749170269805,-0.6621303612439999,0.843803893312,1.60102235162,0.766800823707,1.11381989956
40,10959,AACAAGGCTACATCAGACTTATTTTTCAAGGACCTCTAGACTAACAGACCATTGTCTTGCAGGACTACATTATAAATTTCGTCGTGTAGTGAGTTGGGTTTTCGAACCTGTTGTCCACGTCACAGTTTTTCTGCTCTGGTCATTTGCATTAAGATGAAGAAT,-0.375725094672,0.555644188419,1.46553468549,0.683667368006,-0.116723606302,0.607215307568
41,2316,CCTTCCCAAACACCTCCTTCCCAAACACCTCCTTCCCAACACCTCCTTCCCCAACACCTCCTTCCCAAACACCTCTTTCCGACAAATCACTTCTCGCACTTTATCCTTCCCAACACCTCCTTCCCAACACCTCCTTCCCAAACCCCTCTTTCCCAAACACCT,-0.688673819349,0.204233052218,0.526694845542,1.7004397181400002,0.965784284662,1.3398500028799998
42,4826,AGCACTCTGATTGTGCCTTCATGGTAGACAATGAGGCCATCTATGACATCTGTCGTAGAAACCTCGATATTGAGCGTCCAACCTATACTAACCTGAATAGGTTAATTTCAACAGACAATCATTGCACTACTTCAACAGACAATCATTGCACTACCCTGAATG,-0.819267857398,1.00965447529,1.10418885027,1.21784563207,1.00634152687,0.935002745154
43,7639,AGCACTCTGATTGTGCCTTCATGGTAGACAATGATTATGATTATGTCCGGTTATGTAGTTATGATTATGTCCGGTTATGTACGAGAGGAATTCGAACGCACTTTATTTATGATTATGTCCGGTTATGTACGAGAGGAATTCGAACGCACTTTACCCTGAATG,-2.58801203598,-0.858894712895,-0.368829069856,-0.121561979881,-1.5278185936200002,-0.277681181798
44,2357,CCTTCCCAAACACCTCCTTCCCAAACACCTCCTTCCCAACACCTCCTTCCCCAACACCTCCTTCCCAAACACCTCTTTCCGCCTGGTTATTAATTATAAGCTATCCTTCCCAACACCTCCTTCCCAACACCTCCTTCCCAAACCCCTCTTTCCCAAACACCT,0.2956993207739999,-0.0524674198941,0.3797487492759999,1.85483363222,1.2904814111799998,0.997315915429
45,1078,GGATTATGACCCCCCTCAGGTGTGGGGCTGCCCGATACCACCTGCGGGCCCCCCGCCTGTCCCGCTTCCGCGGAGGAAAAGGAAGCCAATGGAACTATCTGATTCTACCGTGTCCCAAGTCATGGCCGACGAGAGGAATTCGAACGCACTTTACGACACACC,-0.820345511355,0.163509734766,1.82416320974,0.853309555404,0.596189756144,0.978710459106
46,4792,CCTTCCCAAACACCTCCTTCCCAAACACCTCCTTCCCAACACCTCCTTCCCCAACACCTCCTTCCCAAACACCTCTTTCCCAAACACCTCCTTCCCAGACACCTGACAAATCCACTTCTCGCACTTTAAGACAAATCCACTTCTCGCACTTTACAAACACCT,-0.931111008715,-2.35949150784,0.0584956493101,1.231601898,-0.174284540821,0.8002304876240001
47,538,CTTCAGGCCTCACTGGCCTGTCCTGCTCAGCTTGGGCCAGTGACAATCTGCAAGGCTGAACTCAGTTTTGCATATTTTGCACACCTGTGGCTCCTGGTCAGGCTGCCCGTTGTGGGGAGGGGCAGTGTTAGAGCAGGGCTGGTCATACCCTCTGGAGTTCAG,-0.786700014252,-1.61411101944,0.223149940409,-0.571763002966,-0.3835592678059999,-0.270479217995
48,2319,CCTTCCCAAACACCTCCTTCCCAAACACCTCCTTCCCAACACCTCCTTCCCCAACACCTCCTTCCCAAACACCTCTTTCCCAAACACCTCCTTCCCAGACACCTCCTTCCGACAAATCACTTCTCGCACTTTACTTCCCAAACCCCTCTTTCCCAAACACCT,-0.467365871335,-0.6430431747959999,0.5773089281780001,1.53209922541,0.445625819112,1.21056698594
49,1482,CCCTCCTCACCTGTCCTGTGCTTCTCTTTCCTTACTTCTTTTTCCCCCTCCTCCCCTCCTTGTCAGACCGAGAATGTGCAATACCTCCTTTTCTTTCTCTCCTCTTTGCCTGTCTTCTGTCTTCCTTGTCTTTCCCCTCTCATCCTCTGTGCATCTTTCTCT,-1.02040258975,0.736404561672,1.69243362079,1.15252195518,0.455652454614,0.945801692027
50,8385,AGCACTCTGATTGTGCCTCATGGGAAGTCCTGGCACAGTTTTTGTAAAGCCCTTGCACAGCTGGAGAAATGGCATCATTATAAGCTATGAGTTGAAATGTTCTGTCAAATGTGTCTCACATCTACACGTGGCTTGGAGGCTTTTATGATGGAGCCCTGAATG,-0.978223021643,-0.2097703369669999,1.4138101958899998,0.521426843871,0.813417654604,0.370183263495
51,979,CACCAACTTCTCCCCCATTGGTCCATGACTCCGACCTTGAACATGTCCTAACCCCCTCCACGTCAACATCAGTGCATAAGCTAAAATTTATCCAGCTGACCTTACAGAGCACCAATTACTCCTGCATGGTTTGCGTGGATAGATCCAGCCTCTCATCCTGGC,-1.02739877348,0.070613903669,2.09515723304,-0.0991754050908,0.6619026451919999,0.0
52,8818,AGCACTCTGATTGTGCCTTCATGGTAGACAATGAGGCCATCTATGACATCTGTCGTAGAAACCTCGATATTGAGCAACTGTGCAATGCTAACCTGAATAGGTTAATAGGTCAAATTGTGTCCTCCATCACTGCTTCCCTGAGATTTGATGGAGCCCTGAATG,-0.4523306987129999,0.519095865273,0.573185332945,0.2776219420569999,0.929698638637,0.680269460817
53,11204,AGCACTCTGATTGTGCCTTCATGACCGTTTAGTGCGAGTATTTGTTGGTTTTTCAATGACAAAATTGACAGATACTTGCACTATTGAGCAACCTGAATAGGTTAATAGGTCAAATTGTGTCCTCCATCACTGCTTCCCTGAGATTTGATGGAGCCCTGAATG,-0.152776629793,1.30420258003,1.11841250844,0.338870243906,1.2165038619700002,0.8352078452860001
54,2216,AGCACTCTGATTGTGCCTTCTCCACCTCTCTCTCTTTTGCACATGACATCTGTCGTAGAAACCTCGATATTGAGCGTCCAACCTATACTAACCTGAATAGGTTAATAGGTCAAATTGTGTCCTCCATCACTGCTTCCCTGAGATTTGATGGAGCCCTGAATG,-0.189233390112,0.956246614148,1.49610256933,1.10611703237,1.18824965966,1.3733463980899998
55,12266,TCACTGTCATTGAGCAGCACAGCCTGAGTGCTGGCCTCTGTCAACCCTTATTCCACTGCCTTATTTGACAAGGGGTTACATTCAGTCGTGTTTACTGCCCTGGGATTAAATCAGTTACAGGCCAGAGTCTCCTTGGAGGGCCTGGAACTCTGAGTCCTCCTA,-0.3801621954429999,0.745419660149,1.84551164317,0.919581317545,0.915637729556,0.8890680091519999
56,8593,AGCACTCTGATTGTGCCTTCATGGTAGACAATGAGGCCATCTATGACATCTGTCGTAGAAACCTCGATATTGTCATAGGATAAGCTGTGTTACTGAATAGGTTAATAGGTCAAATTGTGTCCTCCATCACTGCTTCCCTGAGATTTGATGGAGCCCTGAATG,-0.0745956041386,0.542720052218,0.912719674411,0.662657565723,1.34395440122,0.8492942942689999
57,6101,AGCACTCTGATTGTGCCTTCATGGTAGACAATGAGGCCATCTATGACATCTGTCGTAGAAACCTCGATATTGAGCGTCCAACCTATACTAACCTGAATTCAAGTTTTCACTCCAGCTAACACTCCATCACTCTACCTGCACTAACGCACTTTACCCTGAATG,-1.87330356508,-0.0859000734056,-0.503324031697,-0.545968369105,-0.4619041043169999,0.369871183231
58,4292,AGCACTCTGATTGTGCCTTCATGGTAGACAATGAGGCCATCTATGACATCTGTCGTAGAAACCTCGATATTGAGCGTCCAACCTATACTAACCTGAATAGGTTAATTAAGAACCTCTCCTCGCACTTTACTAAGAACCTCTCCTCGCACTTTACCCTGAATG,-2.1319824486,-0.876216780202,0.198287224519,0.8600069242239999,-0.0600247710721999,0.7405791089939999
59,6765,CCTTCCCAAACACCTCCTTCCCAAACACCTCCTTCCCAACACCTCCTTCCCCAACACCTCCTTCCCAAACACCTCTTTCCCAAACACCTCCTTCCCAGACACCTCCTTCTACCTGCACTAACGCACTTTATTATGATTATGTCCGGTTATGTACAAACACCT,-1.84138168232,-1.7870230054099998,-0.218252690976,0.201942822524,-0.352452961901,0.57306882214
60,2290,CCTTCCCAAACACCTCCTTCCCAAACACCTCCTTCCCAACAGTCAACATCAGTGCATAAGCTACCCAAACACCTCTTTCCCAAACACCTCCTTCCCAGACACCTCCTTCCCAACACCTCCTTCCCAACACCTCCTTCCCAAACCCCTCTTTCCCAAACACCT,-0.7481832623870001,-0.514040714791,0.62281539972,0.738734687019,0.639956532541,-0.0726037489568
61,4682,CCTTCCCAAACACCTCCTTCCCAAACACCTCCTTCCCAACACCTCCTTCCCCAACACCTCCTTCCCAAACACCTCTTTCCCAAACACCTCCTTCCCAGACACCTTACAAAATCTCCTAACGAGCTTTAATACAAAATCTCCTAACGAGCTTTACAAACACCT,0.00489495393508,0.518873310263,1.37614848589,1.7703417313699998,1.74003189721,1.44164922953
62,4902,AGCACTCTGATTGTGCCTTCATGGTAGACAATGAGGCCATCTATGACATCTGTCGTAGAAACCTCGATATTGAGCGTCCAACCTATACTAACCTGAATAGGTTAATTTAAGGCCGGGACAAGTGCAATACTTAAGGCCGGGACAAGTGCAATACCCTGAATG,-3.41641289745,-3.3362502457,-1.60921004697,-1.44745897697,-2.16992500144,-0.572989859055
63,218,AGGTGGTGGGGACAGGCGTGATGCCTCAGGTGGTGGGGAAAGGGGAGACTCCTCAGGTGGGAGAGGAATTCGAACGCACTTTAATGGTGGGAACAGACGAGATGCCTCCGGTGGTGGAGACATGGGTGACTCTTCAGGTGGAGGGGACATGGGTGACTCCTC,-0.859665343803,-1.13327506851,0.404066381458,-0.8220016980220001,-0.500073603135,-0.3439544012169999
64,8076,AGAAAAAAACTAATTTTTGGTGCTGATTGGCATGTCTGGTTCACAGTTTAGCATTGTTATAAACTCAAGTTTTCACTCCAGCTAACAAAAAATTGTTCCCGAGCGATAGATGGGATGGTTTATGCAAGTCATGCTGAATACTCCTCCCCTCTTCTCTTTTGC,-0.360749703367,1.12685627955,1.84031512083,0.863821873717,1.47859119692,1.1048299732200002
65,1153,GGTAACTTTTCAGTGCCATCAGATGAAGATTCATACTGTTGTTCCATTTTAATTACTTTTTTCTTAAAGTCTGAAGGTTTCTTTTTTTCTTCAGTTCCCTTTTTGCTCTGCTTTTTATCATCTTCAGAAGTCAAGTTTTCACTCCAGCTAACAAGGAATTTC,0.1802759632599999,2.12743617004,1.89625904388,0.94823857231,0.6693065395960001,1.05609456207
66,6959,AGCACTCTGATTGTGCCTTCATGGTAGACAATGAGGCCATCTATGACTCAAGTTTTCACTCCAGCTAACATGAGCGTCCAACCTATACTAACCTGAATAGGTTAATAGGTCAAATTGTGTCCTCCATCACAGCATGCACAGATCCAAACACAACCCTGAATG,-0.62022828829,1.63686360263,0.419677886171,-0.0530183822995,0.939245968921,0.7837914502869999
67,11563,AGCACTCTGATTGTGCCTTCATGGTAGACAATGAGGCCATCTATGACATCTGTCGTAGAAAAACAGGCCGGGAATGTGCAATATCAAGTATTGTTGTATTAGATTTAGGTCAAATTGTGTCCTCCATCACTGCTTCCCTGAGATTTGATGGAGCCCTGAATG,-1.94621862617,-1.5578506551,-1.19723234744,-1.3219280948899998,-1.02424754625,-0.243925582886
68,2474,CCTTCCCAAACACCTCCTTCCCAAACACCTCCTTCCCAACACCTCCTTCCCCAACACCTCCTTCCCAAACACCTCTTTCCCAAACACCTCCTTCCCAGACACCTCCTTGATGCCCTTTCAGTTTGCACTACGATGCCCTTTCAGTTTGCACTACAAACACCT,-1.21659249617,-1.11524057426,0.930535180337,1.47393118833,0.396421821111,1.22503230321
69,9238,AGCACTCTGATTGTGCCTTCATGGTAGACAATGAGGCCATCTATGACATCTGTCGTAGAAACCTCGAGGACATGTGGAAGCACTTTAAGTTTTTTCATAGGTTAATAGGTCAAATTGTGTCCTCCATCACTGCTTCCCTGAGATTTGATGGAGCCCTGAATG,-0.946341433465,-0.109847180847,-0.00369448355774,-0.0679929770521,0.137168052282,0.41964233894
70,5220,CCTTCCCAAACACCTCCTTCCCAAACACCTCCTTCCCAACACCTCCTTCCCCAACACCTCCTTCCCAAACACCTCTTTCCCAAACACCTCCTTCCCAGACACCTCCTTGTCAGACCGAGAATGTGCAACACGTCAGACCGAGAATGTGCAACACAAACACCT,-0.538961242579,-0.443853739674,0.73494642653,1.10925534237,0.73494642653,0.653909854439
71,7799,AGAGAGTGCAGCCATTTTGTGATCTGGTCAGTAGTGGAATTCGATTTTATGCAGACTGGATGTATTATTCACGGGTATTGTGCAATATTGTGACGTGCGGTTCTAATTCATGTGCAGTGATATAGTATAGATAAAAGAATGAGTAAAAGAAAATACAAGAAT,-2.7142561568,-1.7110422491,-0.339630096621,-0.4700267338759999,-2.43155258606,-0.236536603657
72,6096,AGCACTCTGATTGTGCCTTCATGGTAGACAATGAGGCCATCTATGACATCTGTCGTAGAAACCTCGATATTGAGCGTCCAACCTATACAGCATGCACAGATCCAAACACAAAAATTGTGTCCTCCATCACTTCAGTTTTGCATATTTTGCACACCCTGAATG,-1.82390638567,0.0893914736941,0.628376861101,0.6970454062289999,0.260093130522,1.14256982704
73,4649,CCTTCCCAAACACCTCCTTCCCAAACACCTCCTTCCCAACACCTCCTTCCCCAACACCTCCTTCCCAAACACCTCTTTCCCAAACACCTCCTTCCCAGACACCTGCTCTAATGCACTTTTTTGCGACAAGCTCTAATGCACTTTTTTGCGACACAAACACCT,-1.1793072304,-1.25478356769,-0.0940812434587999,0.919465288379,-0.298439741965,0.784271308945
74,3014,AGCACTCTGATTGTGCCTTCATGGTAGACAATGAGGCCATCTATGACATCTGTCGTAGAAACCTCGATATTGAGCGTCCAACCTATACTAACCTGAATAGGTTAATAGGTTTCGCCTCTCATACAGCTTTAGTTCGCCTCTCATACAGCTTTACCCTGAATG,-0.949089747334,0.618022313595,0.658963082165,0.404558981475,0.469063380961,0.569695744068
75,8061,ACCCCGGCCGGACTTTGATCCCCCCGAAGTCTTCACAGGCACTGCATCGGGTTGTCTGGCGCCCAGCATGCACAGATCCAAACACAATCATCCTATGGACTGAGCCGGCCACTCTCTGGCCGAAGTGGCCGCAGGCTGTGCCCCCGAGCTGCCCCCACCCCC,-0.209115179316,1.49560884942,2.57100255888,1.43888424123,1.80460431104,1.58068150339
76,11405,CCTTCCCAAACACCTCCTTCCCAAACACCTCCTTCCCAACACCTCCTTCCCCAACCACCATCTACCTGCACTAACGCACTTTACTATCACATTACCTTTAGAGTGTGTTGGTGTGGGTAGTTCATCACACCTCCTTCCCAAACCCCTCTTTCCCAAACACCT,-0.31625570211,0.3419682897469999,0.6603182120100001,1.14228066401,1.07232483824,1.34988725779
77,7968,TATGCTTGAAGTTTAAGAAAGCTGAGCAGAGGTGTCTCATATTTCCCAGCACATGATTCTGAACCTTACTACCTGCCATATGCTGCATTTATATGTAAGTGACATTTGAATACTGTCCTTCCTGCTTTATCTGCATCATCCACCCACAGAGAAATGCCTCTG,0.0821925038419,1.61856271109,1.70270276965,1.16664986941,1.2494763005399998,1.04350163864
78,3842,AGCACTCTGATTGTGCCTTCATGGTAGACAATGAGGCCATCTATGACATCTGTCGTAGAAACCTCGATATTGAGCGTCCAACCTATACTAACCTGAATAGGTTAATAGGTCAAATTGTGTCCTCCATCACTTGTCGATTTCTAACGCACTTTACCCTGAATG,-0.641036418156,0.550637731142,0.725492809722,0.567397651268,0.642522389866,0.74266795353
79,7019,CCTTCCCTCAAGTTTTCACTCCAGCTAACACCTTCCCAACACCTCCTTCCCCAACACCTCCTTCCCAAACACCTCTTTCCCAAACACCTCCTTCCCAGACACCTCCTTCCCAACACCTCCTTCCCAACACTTATGATTATGTCCGGTTATGTACAAACACCT,0.15897761471,1.16131998275,1.69093111643,1.64592138151,1.59025194768,1.47774154391
80,3946,CCTTCCCAAACACCTCCTTCCCAAACACCTCCTTCCCAACACCTCCTTCCCCAACACCTCCTTCCCAAACACCTCTTTCCCAAACACCTCCTTCCCAGACACCTCCTTCCCAACACCTCCTTCCCAACACCTTCTTTGAAGGAATGTGCAATACAAACACCT,-1.0795390856,-0.606463569932,0.683264574333,1.68110323304,0.64828843609,1.3412194334999998
81,4184,AGCACTCTGATTGTGCCTTCATGGTAGACAATGAGGCCATCTATGACATCTGTCGTAGAAACCTCGATATTGAGCGTCCAACCTATACTAACCTGAATAGGTTATTATTCACGGGTATTGTGCACATAATTATTCACGGGTATTGTGCACATACCCTGAATG,-1.14602947322,-0.0729038063772,0.4129631710409999,0.217646709686,0.5941458228859999,0.564551040698
82,4007,AGCACTCTGATTGTGCCTTCATGGTAGACAATGAGGCCATCTATGACATCTGTCGTAGAAACCTCGATATTGAGCGTCCAACCTATACTAACCTGAATAGGTTAATGACAAATCACTTCTCGCAGTTTACGACAAATCACTTCTCGCAGTTTACCCTGAATG,-0.422066971255,1.13930572823,0.701867893517,0.822314382529,1.12023231415,0.925347500316
83,4381,AGCACTCTGATTGTGCCTTCATGGTAGACAATGAGGCCATCTATGACATCTGTCGTAGAAACCTCGATATTGAGCGTCCAACCTATACTAACCTGAATAGGTTATTGTGTTTCCAGGAACATAAGCTAATTGTGTTTCCAGGAACATAAGCTACCCTGAATG,-0.295812831214,1.038487834,0.955918931536,0.675565049502,1.2976805486399998,0.784271308945
84,7712,AGCACTCTGATTGTGCCTTCATGGTAGACAATGAAATTTGTTTCAATCCGTGCAATAGAATTTGTTTCAATCCGTGCAATACAATTTGTTTCAATCCGTGCAATATTTATGATTATGTCCGGTTATGTACTTATGATTATGTCCGGTTATGTACCCTGAATG,-3.01439111146,-1.33746894578,-0.168554269709,0.4728336644749999,-1.05023430252,0.349098296053
85,2714,AGCACTCTGATTGTGCCTTCATGGTAGACAATGAGGCCATCTATGACATCTGTCGTAGAAACCTCGATATTGAGCGTCCAACCTATACTAACCTGAATAGGTTAATTCATAGCCCTGTTTATGCCTGCACTCATAGCCCTGTTTATGCCTGCACCCTGAATG,-0.563585180037,1.5171672388,0.504472582861,0.703018262243,0.99813484778,0.6938290907879999
86,5924,CCTTCCCAAACACCTCCTTCCCAAACACCTCCTTCCCAACACCTCCTTCCCCAACACCTCCTTCCCAAACACCTCTTTCCCAAACACCTCCTTCCCAGAGTCAACATCAGTGCATAAGCTATCCCAACACCGTCAACATCAGTGCATAAGCTACAAACACCT,-1.0946870868,-1.81378119122,1.0262793248,-0.0595568446805,0.0262793247988,-0.048543851958
87,3033,AGCACTCTGATTGTGCCTTCATGGTAGACAATGAGGCCATCTATGACATCTGTCGTAGAAACCTCGATATTGAGCGTCCAACCTATACTAACCTGAATAGGTTAATAGGTTCAGTTTTCATATTTTGCACAGTCAGTTTTCATATTTTGCACACCCTGAATG,-1.4267859914399998,-0.655259113402,0.526209913437,1.04746957361,0.158591910635,1.14946089888
88,12158,CTTGGTAATTTCTCCAAACAGGAAAGCTTTAGAAAACTTGAGTGAAATGGAGCAAGCTTGAAGGAGTTAGAATCTTCTGTGTTTAGGGTTTGCTGCTGCTGGTGAGCTTAGAATTTTGGGGTTGGGAAAAAGTGGAAGGCATAAGCATAGAAATATTTTAGG,0.02169065383,-0.021078711603,1.12675714229,0.330148601692,0.3112895744409999,0.367142809175
89,1350,GATTTCTTCTCTGTACCAAGTTTTCAATTTGATCAACTCTTCCCTAATCTTGGATTCCCTAACTTCTCCCACAATGTCTTTAAGCAATTGCTCATTGAGTCTTTCCTCATAATTCAGATGAACCCTTTTTTTATGATTATGTCCGGTTATGTAGAGGCTCTG,-0.45958237954,1.68342012824,2.12758805488,1.13390577864,1.10663284849,1.1139561893
90,10021,CCTTCCCAAACACCTCCTTCCCAAACACCTCCTTCCCAACACCTCCTTCCCCAACACCTCCTTCCCAAACACCTCTAGTAACTGACACTCCTTCCCAGACACCTCCTTCCCAACACCTCCTTCCCAACACCTCCTTCCCAAACCCCTCTTTCCCAAACACCT,0.231392344309,0.613159392552,1.0049154904100002,1.9511752914,1.87536409005,1.5915127732299998
91,4629,CCTTCCCAAACACCTCCTTCCCAAACACCTCCTTCCCAACACCTCCTTCCCCAACACCTCCTTCCCAAACACCTCTTTCCCAAACACCTCCTTCCCAGACACCTATCCCCTATTTATGTACACTGACAAATCCCCTATTTATGTACACTGACACAAACACCT,-1.14910140869,-0.8737600026200001,0.416362896745,0.541893778829,-0.306103127726,0.274480932485
92,7460,AGCACTCTGATTGTGCCTTCATGGTAGACAATGAGCTCTAATGCACTTTTTTGCACAGGCTCTAATGCACTTTTTTGCACACTTATGATTATGTCCGGTTATGTATTTATGATTATGTCCGGTTATGTACTTATGATTATGTCCGGTTATGTACCCTGAATG,-2.82943624295,-2.11434146059,-0.101283335837,-0.4659962972209999,-1.48054460579,0.192645077942
93,3710,CCTTCCCAAACACCTCCTTCCCAAACACCTCCTTCCCAACACCTCCTTCCCCAACACCTCCTTCCCAAACACCTCTTTCCCAAACACCTCCTTCCCAGACACCTCCTTCGCCCCTCTCATACAGCTTTACTTCGCCCCTCTCATACAGCTTTACAAACACCT,-0.554572551505,-0.564392294238,0.858301914947,1.29752278222,0.6065186440879999,0.908750937634
94,8489,AGCACTCTGATTGTGCCTTCATGGTAGACAATGAGGCCATCTATGACATCTGTCGTAGAAACCTCCATTTTTACGAGAAGCACTTTATTCCCTCTCCTAGGTTAATAGGTCAAATTGTGTCCTCCATCACTGCTTCCCTGAGATTTGATGGAGCCCTGAATG,-1.4756739987,-0.672998012281,0.129007579574,-0.0423873099641999,0.0286321533557999,0.542575190757
95,11178,AGCACTCTGATTGTGCCTTCATGACAGTATAGAGTGCTTATAGTGTGGGTGGTCAATGATCTACCTGCACTATAAGCACTTTAATTCGCAACCTGAATAGGTTAATAGGTCAAATTGTGTCCTCCATCACTGCTTCCCTGAGATTTGATGGAGCCCTGAATG,-0.813117249094,-1.75129860287,-0.772438475889,-1.05919579251,-1.41745610008,-0.943137663044
96,1414,CGTTACACCCTTTCTTGACAAAACCTAACTTGCGCAGAAAACAAGATGAGATTGGCATGGCGATGCCCTTTCAGTTTGCACTATTTTGGTTTTTTTTTTTTTTTTGGCTTGACTCAGGATTTAAAAACTGGAACGGTGAAGGTGACAGCAGTCGGTTGGAGC,-0.4019988979869999,-1.20084223091,0.882615356618,0.10247362125,0.0323125498324,-0.0114825680473
97,12249,TAAAAACAAAAAAGAAAACCCCAGTCACGATTTGCATGTTCTCTGTAAGCTTCATCCATGCTGGTTTGGGTTAGGAATGATATATTATTAGGGCATGTTAACAGTATACCAGTAACAGCACTTTATCTCATTTATATGAACACCTTTGAGGTGCTACTTAAG,-0.948730327922,0.138780810279,1.69645043443,0.39266968625,0.3756632609449999,0.7806869715960001
98,741,AACACAAATGCTAGAAATGGACTCAACGAGACATAAGATGAATTCCAGGAACATACTTTTATGTGGACCAGTCTCTGATGATTTTCTCCGTAACAATTTTTAAAGCATTTCTGGGCCAAGTTTAATTTTTTTCAGTTTTGCATATTTTGCACAAGCTGTTCC,-0.976644222961,-0.7157795054610001,1.96082940272,0.7608123361210001,0.340132690265,1.31734082539
99,10659,CAGCTGGGGTGTTTTCACTGATAAACAACACATAGCAGGTGTGCATTCATTACAAATATATGTATCTGCCAAGGTGGAGGTCGCTAGAAGAGTGAGTTTTGTCTTGTATCTAAAGTGGATACAAGCGTATGTTTAAACTGCAAGATTTTTACTTGCTAGAGA,-0.421706324993,0.539525092147,1.30666133823,0.13750352375,0.0521962111254,0.3608817292319999
